Langue;Sexe;Date de naissance;Code postal;Ville;Pays
fr;M;19/11/1978;1480;Tubize;Belgium
fr;F;18/05/1990;1070;Bruxelles;Belgium
fr;M;08/03/1978;1070;Anderlecht;Belgium
fr;F;14/03/1989;1180;Bruxelles;Belgium
fr;M;23/09/2009;1050;Ixelles;Belgium
fr;M;24/12/2012;1180;Uccle;Belgium
fr;M;20/07/2019;1180;UCCLE;Belgium
fr;F;01/08/2009;1190;Bruxelles;Belgium
fr;M;16/06/2015;1190;Forest;Belgium
fr;M;18/10/2001;1060;Saint-Gilles;Belgium
fr;M;04/03/1979;1620;Drogenbos;Belgium
fr;M;09/03/1964;1620;Drogenbos;Belgium
fr;M;04/10/2017;1190;Bruxelles;Belgium
fr;M;29/09/2012;1190;Bruxelles;Belgium
fr;F;03/01/2013;1190;Forest;Belgium
fr;M;12/09/1994;1060;Saint-Gilles;Belgium
fr;M;22/06/2009;1640;Rhode Saint Genèse;Belgium
fr;F;08/08/2012;1600;Sint-Pieters-Leeuw;Belgium
fr;F;28/03/2005;1652;Alsemberg;Belgium
fr;M;28/09/2005;1640;rhode saint genèse;Belgium
fr;M;14/06/2012;1060;SAINT-GILLES;Belgium
fr;M;13/02/2015;1060;bruxelles;Belgium
fr;M;01/01/2017;1180;Uccle;Belgium
fr;M;20/05/2013;1000;Bruxelles;Belgium
fr;M;22/07/2014;1400;Nivelles;Belgium
fr;F;16/01/2009;1180;Uccle;Belgium
fr;F;27/02/2012;1180;Uccle;Belgium
fr;M;03/06/1983;1180;Bruxelles;Belgium
fr;F;18/07/2018;1180;Bruxelles;Belgium
fr;M;16/09/1980;1180;uccle;Belgium
fr;M;21/05/2014;1180;uccle;Belgium
fr;M;05/04/2017;1090;Jette;Belgium
fr;M;03/01/2019;1090;Jette;Belgium
fr;F;20/02/2018;1180;Uccle;Belgium
fr;F;03/02/2014;1180;Bruxelles;Belgium
fr;M;04/11/2015;1180;Bruxelles;Belgium
fr;M;17/05/2012;1180;Uccle;Belgium
fr;M;21/06/2010;1180;Bruxelles;Belgium
fr;F;24/03/1986;1650;Beersel;Belgium
fr;M;09/04/1984;1180;Bruxelles;Belgium
fr;F;06/01/2012;1180;uccle;Belgium
fr;M;09/08/1981;1180;Uccle;Belgium
fr;M;31/03/1991;1190;Forest;Belgium
fr;M;08/06/1973;1800;Vilvoorde;Belgium
fr;M;08/06/2014;1731;Relegem;Belgium
fr;M;21/09/1978;1731;Relegem;Belgium
fr;M;19/04/2011;1731;Relegem;Belgium
fr;M;21/11/2008;1731;Relegem;Belgium
fr;F;25/03/1983;1650;Beersel;Belgium
fr;F;24/01/1978;1190;Bruxelles;Belgium
fr;M;06/07/2011;1180;Uccle;Belgium
fr;F;11/07/1985;1630;Linkebeek;Belgium
fr;F;09/07/2021;1190;Forest;Belgium
fr;F;11/05/2018;1190;Forest;Belgium
fr;M;18/02/2020;1190;Forest;Belgium
fr;M;20/04/1973;1180;UCCLE;Belgium
fr;M;07/09/2015;1180;Uccle;Belgium
fr;M;14/12/2012;1180;Uccle;Belgium
fr;M;14/12/2012;1180;Uccle;Belgium
fr;F;02/02/2012;1190;Bruxelles;Belgium
fr;M;02/08/2014;1190;Bruxelles;Belgium
fr;M;23/09/1980;1190;Bruxelles;Belgium
fr;M;08/08/2019;1180;Uccle;Belgium
fr;M;30/07/1972;1170;Bruxelles;Belgium
fr;M;18/04/2014;1640;Rhode-Saint-Genèse;Belgium
fr;M;09/03/2012;1640;Rhode-Saint-Genèse;Belgium
fr;M;06/05/1998;1190;Forest;Belgium
fr;F;24/04/1978;1180;BRUXELLES 18;Belgium
fr;M;04/08/1946;1180 ;BRUXELLES 18 ;Belgium
fr;M;23/04/2016;1180;Uccle;Belgium
fr;M;29/03/2014;1180;Uccle;Belgium
fr;M;24/04/2006;1702;Groot-Bijgaarden;Belgium
fr;F;19/03/2008;1702;Groot-Bijgaarden;Belgium
fr;F;22/08/1972;1650;Beersel;Belgium
fr;M;30/05/1963;1652;Alsemberg;Belgium
fr;F;21/02/1972;1190;FOREST;Belgium
fr;M;13/12/2019;1620;Drogenbos;Belgium
fr;M;13/06/1980;1190;FOREST;Belgium
fr;M;18/07/2009;1640;RHODE-SAINT-GENESE;Belgium
fr;F;22/11/2008;1410;Waterloo;Belgium
fr;F;29/11/2015;1180;Uccle;Belgium
fr;M;15/11/2019;1180;Uccle;Belgium
fr;M;09/01/1989;1050;Bruxelles;Belgium
fr;M;09/01/1983;1180;Uccle;Belgium
fr;M;21/05/2014;1180;Uccle;Belgium
fr;F;04/04/2016;1630;Linkebbek;Belgium
fr;F;16/07/2019;1630;Linkebeek;Belgium
fr;M;17/02/1978;1457;Walhain-Saint-Paul;Belgium
fr;F;06/08/1991;1850;Grimbergen;Belgium
fr;M;27/09/2021;1180;Uccle;Belgium
fr;M;01/01/2020;1180;Uccle;Belgium
fr;M;17/01/1978;1335;Chaumont Gistoux;Belgium
fr;F;22/04/1985;1190;Bruxelles;Belgium
fr;M;21/02/1982;1652;ALSEMBERG;Belgium
fr;F;21/05/2016;1652;Beersel;Belgium
fr;M;28/05/1997;1190;Bruxelles;Belgium
fr;M;27/11/2020;1190;Forest;Belgium
fr;F;29/09/2017;1190;Forest;Belgium
fr;M;10/07/1973;1180;Uccle;Belgium
fr;M;25/10/2015;1180;Uccle;Belgium
fr;F;23/12/1977;1630;Linkebeek;Belgium
fr;M;26/09/1984;1190;Brussel;Belgium
fr;M;09/03/2018;1190;Forest;Belgium
fr;M;20/09/2011;1190;FOREST;Belgium
fr;M;30/10/2014;1190;FOREST;Belgium
fr;M;05/02/2018;1050;Ixelles;Belgium
fr;M;11/12/1993;1190;FOREST;Belgium
fr;M;22/04/1989;1180;UCCLE;Belgium
fr;M;16/02/2016;1650;beersel;Belgium
fr;M;16/02/2016;1650;beersel;Belgium
fr;M;08/02/1988;1741;Wambeek;Belgium
fr;M;02/04/1985;1190;forest;Belgium
fr;M;15/05/1984;1380;Lasne;Belgium
fr;M;06/01/2016;1190;Forest;Belgium
fr;F;14/11/2018;1190;Forest;Belgium
fr;F;07/12/2020;1190;Bruxelles;Belgium
fr;M;07/12/2020;1190;Bruxelles;Belgium
fr;M;01/10/2014;1653;Dworp;Belgium
fr;M;22/12/1979;1653;Dworp;Belgium
fr;F;09/01/2017;1653;Dworp;Belgium
fr;M;24/05/2021;1630;Linkebeek;Belgium
fr;F;30/03/2013;1090;Forest;Belgium
fr;M;20/07/1983;1480;Tubize;Belgium
fr;M;26/06/2012;1190;Forest;Belgium
fr;F;05/08/2016;1620;Drogenbos;Belgium
fr;F;25/12/2019;1620;Drogenbos;Belgium
fr;F;15/07/2010;1060;Bruxelles;Belgium
fr;M;06/10/2000;1180;Uccle;Belgium
fr;F;18/01/2021;1190;Forest;Belgium
fr;M;01/04/1998;1300;WAVRE;Belgium
fr;F;08/05/2014;1180;Uccle;Belgium
fr;F;21/11/2016;1180;Uccle;Belgium
fr;M;26/01/1991;1600;Sint Pieters Leeuw;Belgium
fr;M;30/03/1966;1190;Forest;Belgium
fr;F;27/11/1988;1410;Waterloo;Belgium
fr;F;29/04/2019;1410;WATERLOO;Belgium
fr;;27/02/2017;1060;Bruxelles;Belgium
fr;M;30/01/2009;1701;Itterbeek;Belgium
fr;F;23/06/2010;1180;uccle;Belgium
fr;F;07/11/2001;1180;Uccle;Belgium
fr;F;31/08/2020;1601;Ruisbroek;Belgium
fr;F;18/05/1983;1180;Uccle;Belgium
fr;F;09/02/2011;1180;Uccle;Belgium
fr;F;15/05/2013;1180;Uccle;Belgium
fr;M;11/12/2009;1703;Schepdaal;Belgium
fr;M;11/04/2021;1620;Beersel;Belgium
fr;F;22/11/2016;1620;Drogenbos;Belgium
fr;M;06/02/1986;1620;Drogenbos;Belgium
fr;M;29/01/1991;1180;Uccle;Belgium
fr;F;25/11/2012;1650;Beersel;Belgium
fr;F;29/06/1991;1050;Bruxelles;Belgium
fr;M;26/01/1998;7850;Petit-Enghien;Belgium
fr;M;22/11/2021;1440;Braine-le-Chateau;Belgium
fr;M;05/06/1981;1180;Bruxelles;Belgium
fr;F;15/07/1988;1060;Lobbes;Belgium
fr;M;19/03/1977;1190;Forest;Belgium
fr;M;17/07/1984;1180;Uccle;Belgium
fr;F;01/09/1985;1180;Uccle;Belgium
fr;F;08/02/1981;1650;Beersel;Belgium
fr;M;19/02/2019;1180;Bruxelles;Belgium
fr;M;15/09/2021;1180;Bruxelles;Belgium
fr;M;18/06/1973;1620;Drogenbos;Belgium
fr;F;24/03/1986;1180;Uccle;Belgium
fr;F;02/12/2013;1420;Braine l ‘ Alleud;Belgium
fr;M;28/11/2019;1180;Uccle;Belgium
fr;F;09/08/2008;1190;Forest;Belgium
fr;M;23/05/2018;1190;Forest;Belgium
fr;F;03/12/2020;1190;brussel;Belgium
fr;F;10/06/2011;1190;Forest;Belgium
fr;M;22/11/2015;1730;Asse;Belgium
fr;M;08/12/2011;1730;Asse;Belgium
fr;M;18/07/2002;1652;Beersel;Belgium
fr;F;08/08/1995;1190;FOREST;Belgium
fr;F;24/12/1951;1190 ;BRUXELLES 19;Belgium
fr;M;13/02/1985;1050;BRUXELLES 6;Belgium
fr;F;29/07/2014;1190;Forest;Belgium
fr;F;20/02/2021;1601;Sint pieters leeuw;Belgium
fr;F;04/03/1978;1440;Whauthier braine;Belgium
fr;M;30/09/2007;1180;Bruxelles;Belgium
fr;M;17/07/1960;1050;ixelles;Belgium
fr;M;12/05/2019;1190;Forest;Belgium
fr;M;19/04/2010;1180;Uccle;Belgium
fr;M;15/09/1999;1000;Brussels, Belgium;Belgium
fr;M;11/02/2004;1180;Uccle;Belgium
fr;F;11/06/1978;1652;Alsemberg;Belgium
fr;F;31/05/1978;1180;Bruxelles;Belgium
fr;F;29/01/1975;1420;Braine l'Alleud;Belgium
fr;F;24/01/1988;1640;Rhode Saint Genèse;Belgium
fr;F;24/05/1999;1700;Dilbeek;Belgium
fr;M;24/09/2011;1180;Uccle;Belgium
fr;F;05/02/2014;1180;Uccle;Belgium
fr;M;18/09/2007;1652;Beersel;Belgium
fr;F;06/02/2020;1650;Beersel;Belgium
fr;F;22/06/1982;1653;Dworp;Belgium
fr;M;05/05/2014;1180;UCCLE;Belgium
fr;M;12/06/1985;1380;PLANCENOIT;Belgium
fr;F;31/07/1984;1731;Relegem;Belgium
fr;F;19/04/2012;1620;Drogenbos;Belgium
fr;F;28/06/1982;1180;Uccle;Belgium
fr;F;18/12/1997;1620;Drogenbos;Belgium
fr;F;18/02/2007;1180;Uccle;Belgium
fr;F;16/08/2011;1630;Linkebeek;Belgium
fr;F;10/05/2010;7181;Petit-Roeulx-lez-Nivelles;Belgium
fr;M;01/04/2013;1180;Uccle;Belgium
fr;M;03/07/2014;1180;Uccle;Belgium
fr;M;18/06/2013;1180;UCCLE;Belgium
fr;M;07/02/2000;1330;RIXENSART;Belgium
fr;F;27/01/1977;1650;Beersel;Belgium
fr;M;21/09/2017;1180;Uccle;Belgium
fr;M;06/10/2020;1180;Uccle;Belgium
fr;M;15/07/2014;1180;Uccle;Belgium
fr;M;15/07/2014;1180;Uccle;Belgium
fr;F;11/03/2019;1500;Halle;Belgium
fr;F;09/04/2016;1500;Halle;Belgium
fr;M;28/12/2012;1190;Forest;Belgium
fr;M;10/06/2010;1190;Forest;Belgium
fr;M;23/10/2008;1190;Forest;Belgium
fr;M;02/12/1978;1190;Forest;Belgium
fr;M;21/10/2006;1000;Bruxelles;Belgium
fr;F;04/07/1991;6001;Marcinelle;Belgium
fr;M;02/11/2009;1070;Anderlecht;Belgium
fr;M;06/06/2008;1070;Anderlecht;Belgium
fr;M;23/08/1977;1070;Anderlecht;Belgium
fr;F;29/05/1998;1180;Uccle;Belgium
fr;M;30/07/2021;1420;Braine l'Alleud;Belgium
fr;M;27/03/2013;1180;Bruxelles;Belgium
fr;M;15/05/2020;1180;Uccle;Belgium
fr;M;08/09/1981;1180;UCCLE;Belgium
fr;F;01/01/2013;1190;Forest;Belgium
fr;F;30/08/1980;1652;alsemberg;Belgium
fr;F;10/07/1985;1640;Rhode-Saint-Genèse;Belgium
fr;F;15/03/2011;1701;itterbeek;Belgium
fr;M;31/05/2012;1701;itterbeek;Belgium
fr;M;04/03/2012;1400;Waterloo;Belgium
fr;M;12/10/1982;3150;Wespelaar;Belgium
fr;M;16/02/2015;1410;Waterloo;Belgium
fr;M;09/09/2007;1060;bruxelles;Belgium
fr;F;21/08/2019;1630;Linkebeek;Belgium
fr;M;17/11/2016;1630;Linkebeek;Belgium
fr;F;31/05/2010;1070;Anderlecht;Belgium
fr;F;10/08/2013;1650;Beersel;Belgium
fr;F;14/01/1986;1082;Bruxelles;Belgium
fr;M;13/05/1987;6210;Les bons villers;Belgium
fr;M;22/06/2015;1650;Beersel;Belgium
fr;F;30/09/2020;1650;Beersel;Belgium
fr;M;04/05/2018;1190;Forest;Belgium
fr;M;30/10/1972;1640;Sint-Genesius-Rode;Belgium
fr;M;05/11/1938;1180 ;BRUXELLES 18;Belgium
fr;M;28/08/2012;1630;Linkebeek;Belgium
fr;M;14/11/2002;1180;Bruxelles;Belgium
fr;M;22/06/2014;1180;UCCLE;Belgium
fr;M;04/01/2017;1180;Uccle;Belgium
fr;M;23/11/2013;1080;Uccle;Belgium
fr;M;03/05/1981;1030;Schaerbeek;Belgium
fr;M;17/01/2020;1501;Buizingen;Belgium
fr;M;02/10/1976;1050;Bruxelles;Belgium
fr;F;18/02/2009;1860;Meise;Belgium
fr;M;30/09/1978;1860;Meise;Belgium
fr;M;31/07/2011;1860;Meise;Belgium
fr;F;15/01/1985;1180;Bruxelles;Belgium
fr;F;20/11/2014;1190;Forest;Belgium
fr;F;13/08/2019;1620;Drogenbos;Belgium
fr;F;18/11/2016;1620;Drogenbos;Belgium
fr;M;12/12/2020;1600;Sint Pieters Leeuw;Belgium
fr;F;04/11/2015;1600;Sint Pieters Leeuw;Belgium
fr;M;20/07/1980;1180;Uccle;Belgium
fr;M;02/10/1979;1180;Uccle;Belgium
fr;M;07/08/2014;1180;UCCLE;Belgium
fr;F;28/10/2010;1180;Bruxelles;Belgium
fr;M;31/10/1982;1180;Bruxelles;Belgium
fr;F;24/07/2011;1180;Uccle;Belgium
fr;F;20/01/2015;1650;Beersel;Belgium
fr;M;31/01/2013;1650;Beersel;Belgium
fr;M;16/06/2004;1190;Uccle;Belgium
fr;M;01/04/2012;1180;Brussels;Belgium
fr;F;24/04/2009;1180;Brussels;Belgium
fr;M;19/11/2001;1700;Dilbeek;Belgium
fr;F;25/09/2018;1190;Forest;Belgium
fr;F;09/04/2020;1190;Forest;Belgium
fr;F;07/08/2016;1190;Forest;Belgium
fr;F;26/11/1997;1650;Beersel;Belgium
fr;F;22/08/2001;1190;Forest;Belgium
fr;M;01/06/2015;1630;Linkebeek;Belgium
fr;M;05/08/2013;1650;Beersel;Belgium
fr;M;18/05/2015;1650;Beersel;Belgium
fr;F;21/11/2018;1652;Beersel;Belgium
fr;M;07/06/2017;1652;Beersel;Belgium
fr;F;16/01/1976;1650;Beersel;Belgium
fr;F;08/10/2007;1070;Bruxelles;Belgium
fr;F;25/07/1996;1050;Ixelles;Belgium
fr;M;30/03/2010;1180;Uccle;Belgium
fr;M;22/12/2016;1180;Uccle;Belgium
fr;M;06/06/2013;1180;Uccle;Belgium
fr;M;27/02/2017;1640;Rhode Saint Genèse;Belgium
fr;M;08/08/2014;1640;Rhode Saint Genèse;Belgium
fr;M;27/07/2020;1180;Bruxelles;Belgium
fr;F;26/06/2012;1180;Uccle;Belgium
fr;F;18/02/2021;1190;BRUSSEL;Belgium
fr;F;14/09/1978;1440;Braine le Château;Belgium
fr;M;07/05/2020;1190;Forest;Belgium
fr;M;16/11/1973;1180;Uccle;Belgium
fr;F;27/05/1998;1040;ETTERBEEK;Belgium
fr;M;28/03/1989;1050;Bruxelles;Belgium
fr;F;04/10/1983;1410;Waterloo;Belgium
fr;M;30/05/2013;1601;Ruisbroek;Belgium
fr;M;25/04/2003;1190;Forest;Belgium
fr;F;08/10/2005;1190;Forest;Belgium
fr;F;11/07/2008;1180;Uccle;Belgium
fr;F;19/04/2010;1180;Uccle;Belgium
fr;F;07/12/2017;1190;forest;Belgium
fr;M;13/06/2021;1190;Forest;Belgium
fr;F;19/09/2019;1190;Bruxelles;Belgium
fr;F;11/03/2013;1180;Bruxelles;Belgium
fr;M;11/05/2011;1180;Bruxelles;Belgium
fr;M;19/10/1989;1740;Wambeek;Belgium
fr;M;18/08/2006;1190;Forest;Belgium
fr;F;18/02/2016;1180;Uccle;Belgium
fr;M;27/05/1997;1180;UCCLE;Belgium
fr;F;25/04/1991;1190;FOREST;Belgium
fr;M;27/05/2015;1000;Bruxelles;Belgium
fr;M;09/12/2019;1180;Uccle;Belgium
fr;F;08/02/2011;1190;Forest;Belgium
fr;M;24/07/1980;1200;Bruxelles;Belgium
fr;F;10/11/1978;1860;Meise;Belgium
fr;M;27/04/1965;1190;BRUXELLES 19;Belgium
fr;M;02/01/2009;1640;Rhode-Saint-Genèse;Belgium
fr;M;07/01/1996;1040;Etterbeek;Belgium
fr;M;26/05/2016;1190;Forest;Belgium
fr;F;28/05/2015;1630;Linkebeek;Belgium
fr;M;19/04/2012;1630;Linkebeek;Belgium
fr;F;17/07/2015;1541;Herne;Belgium
fr;M;28/12/2013;1541;Herne;Belgium
fr;F;18/03/1993;1701;Itterbeek;Belgium
fr;M;05/08/2010;1180;Bruxelles;Belgium
fr;F;30/09/1977;1180;Uccle;Belgium
fr;F;16/08/2010;1180;Bruxelles;Belgium
fr;F;15/11/2012;1190;Bruxelles;Belgium
fr;F;04/02/1978;1702;Groot-Bijgaarden;Belgium
fr;F;16/10/2020;1180;Uccle;Belgium
fr;F;11/03/2015;7850;Enghien;Belgium
fr;M;16/12/2018;1653;Dworp;Belgium
fr;F;06/03/2008;1190;Forest;Belgium
fr;M;08/06/2012;1653;Beersel;Belgium
fr;M;14/05/1980;1653;Beersel;Belgium
fr;M;15/12/2009;1653;Beersel;Belgium
fr;F;03/07/1982;1780;Wemmel;Belgium
fr;M;27/07/1975;1060;Saint-Gilles;Belgium
fr;F;29/06/2015;1060;Saint-Gilles;Belgium
fr;F;05/04/1996;1180;Bruxelles;Belgium
fr;F;15/10/1982;1380;PLANCENOIT;Belgium
fr;F;15/08/2016;1190;Bruxelles;Belgium
fr;F;02/08/2016;1601;Ruisbroek;Belgium
fr;F;23/03/1973;1070;Bruxelles;Belgium
fr;M;03/05/1978;1190;Forest;Belgium
fr;M;21/05/2002;1650;Beersel;Belgium
fr;M;01/11/2015;1651;Lot;Belgium
fr;M;09/06/2010;1701;Dilbeek;Belgium
fr;M;13/12/1988;1602;Sint-Pieters-Leeuw;Belgium
fr;F;03/08/2020;1190;Vorst;Belgium
fr;M;24/03/2015;1180;Bruxelles;Belgium
fr;M;17/04/1968;1650;BEERSEL;Belgium
fr;F;06/09/2008;1650;BEERSEL;Belgium
fr;F;10/07/2010;1180;Uccle;Belgium
fr;F;16/02/2010;1500;Halle;Belgium
fr;F;18/05/1994;1180;Bruxelles;Belgium
fr;F;18/12/2017;1860;Meise;Belgium
fr;M;26/10/2013;1860;Meise;Belgium
fr;M;29/06/2014;1650;Beersel;Belgium
fr;M;12/02/2013;1650;Beersel;Belgium
fr;M;26/12/1977;1380;LASNE;Belgium
fr;M;07/08/1980;1050;Bruxelles;Belgium
fr;M;11/01/2017;1180;UCCLE;Belgium
fr;M;07/11/2014;1640;Rhode St Genese;Belgium
fr;M;14/06/2012;1640;Rhode St Genese;Belgium
fr;F;20/04/2012;1190;Forest;Belgium
fr;M;28/03/2019;1180;Uccle;Belgium
fr;F;12/04/2010;1640;rhode-saint-genese;Belgium
fr;M;30/06/2012;1640;rhode-saint-genese;Belgium
fr;M;14/12/2012;1620;drogenbos;Belgium
fr;F;07/09/2016;1620;drogenbos;Belgium
fr;M;11/06/2007;1190;BRUXELLES 19;Belgium
fr;M;07/12/2003;1190;BRUXELLES 19;Belgium
fr;F;14/10/1970;1650;Beersel;Belgium
fr;M;07/09/1976;1020;Bruxelles;Belgium
fr;M;31/05/1999;1180;Bruxelles;Belgium
fr;F;26/04/2019;1180;Uccle;Belgium
fr;F;18/12/2003;1420;Braine l'Alleud;Belgium
fr;M;05/08/1974;1180;Uccle;Belgium
fr;M;19/12/2007;1601;Ruisbroek (Bt.);Belgium
fr;M;28/08/2014;1601;Ruisbroek (Bt.);Belgium
fr;M;27/06/2020;1190;Forest;Belgium
fr;F;27/11/2015;1630;Linkebeek;Belgium
fr;M;09/03/1980;1190;Forest;Belgium
fr;F;22/02/2004;1640;Rhode saint genèse;Belgium
fr;F;25/06/2010;1180;bruxelles;Belgium
fr;F;06/08/2012;1180;uccle;Belgium
fr;F;18/05/2018;1180;Uccle;Belgium
fr;F;28/12/2007;1190;forest;Belgium
fr;F;16/04/1990;1420;Braine-l'Alleud;Belgium
fr;F;24/01/2012;1620;Drogenbos;Belgium
fr;F;14/03/2015;1190;Foresr;Belgium
fr;F;09/06/2017;1190;Foresr;Belgium
fr;F;01/02/1998;1040;Bruxelles;Belgium
fr;F;26/04/1988;1060;Saint-gilles;Belgium
fr;M;04/09/2008;1000;Bruxelles;Belgium
fr;M;07/09/1965;1190;Forest;Belgium
fr;M;24/08/1999;1190;Bruxelles;Belgium
fr;M;21/09/1966;1190;Forest;Belgium
fr;M;04/06/2010;1180;Uccle;Belgium
fr;M;14/01/2013;1180;Uccle;Belgium
fr;F;11/04/1995;1700;Dilbeek;Belgium
fr;F;27/02/1995;1050;Ixelles;Belgium
fr;M;19/06/2002;1180;Bruxelles;Belgium
fr;F;26/03/2007;1180;Bruxelles;Belgium
fr;F;05/11/2018;1190;Uccles;Belgium
fr;F;06/12/1993;1050;Ixelles;Belgium
fr;M;17/04/1974;1300;Wavre;Belgium
fr;M;21/11/1982;1190;Forest;Belgium
fr;F;10/06/2013;1180;Bruxelles;Belgium
fr;F;01/03/1983;1180;Bruxelles;Belgium
fr;M;10/03/2011;1650;Beersel;Belgium
fr;M;28/01/2011;1650;Beersel;Belgium
fr;M;05/05/2013;1650;Beersel;Belgium
fr;F;02/10/2018;1630;Linkebeek;Belgium
fr;M;04/03/1982;1650;Beersel;Belgium
fr;F;11/10/2016;1630;Linkebeek;Belgium
fr;M;15/04/2016;1650;Beersel;Belgium
fr;F;07/08/2017;1190;Forest;Belgium
fr;M;30/04/2015;7000;Mons;Belgium
fr;M;18/02/2018;1650;Beersel;Belgium
fr;M;03/03/2016;1180;Bruxelles;Belgium
fr;M;12/06/1997;1180;Uccle;Belgium
fr;M;04/01/1974;1190;Forest;Belgium
fr;F;07/07/2007;1180;Uccle;Belgium
fr;F;19/05/1994;3040;Loonbeek;Belgium
fr;M;07/06/2002;1180;Bruxelles;Belgium
fr;F;16/12/2011;1180;Uccle;Belgium
fr;M;22/10/2014;1180;Uccle;Belgium
fr;M;16/04/2008;1190;Forest;Belgium
fr;M;17/05/2011;1190;Forest;Belgium
fr;F;02/06/2020;1180;Uccle;Belgium
fr;M;14/02/1961;;;Belgium
fr;M;05/02/2008;1180;Bruxelles;Belgium
fr;M;28/09/1977;1180;Uccle;Belgium
fr;M;12/03/2007;1180;Uccle;Belgium
fr;F;26/02/2020;1190;Vorst;Belgium
fr;F;19/03/2018;1180;Uccle;Belgium
fr;M;21/09/2019;1180;Uccle;Belgium
fr;F;29/04/1997;1180;Bruxelles;Belgium
fr;M;13/01/2013;1190;Forest;Belgium
fr;M;19/05/2007;1180;Uccle;Belgium
fr;M;15/12/2005;1180;UCCLE;Belgium
fr;F;05/12/1996;1650;Beersel;Belgium
fr;F;28/06/2010;1180;Uccle;Belgium
fr;F;24/02/1970;1755;Oetingen;Belgium
fr;M;25/08/1968;1950;KRAAINEM;Belgium
fr;M;02/10/2010;1640;Rhode saint genese;Belgium
fr;F;13/08/1981;1653;Beersel;Belgium
fr;M;11/02/2016;1620;Drogenbos;Belgium
fr;F;14/08/2012;1620;Drogenbos;Belgium
fr;M;04/02/1971;1380;Lasne;Belgium
fr;M;15/07/2013;1380;Plancenoit;Belgium
fr;M;16/06/2015;1650;Beersel;Belgium
fr;M;12/04/2018;1650;Beersel;Belgium
fr;F;03/01/2011;1170;Watermael-Boitsfort;Belgium
fr;M;09/08/1991;1180;Uccle;Belgium
fr;F;28/08/2011;1702;Groot-Bijgaarden;Belgium
fr;F;23/04/2018;1180;Uccle;Belgium
fr;M;29/09/1983;1180;Uccle;Belgium
fr;M;23/01/1975;7268;Bereldange;Luxembourg
fr;F;10/10/1988;1081;Koekelberg;Belgium
fr;M;14/03/2018;7181;Petit-Roeulx-Lez-Nivelles;Belgium
fr;F;21/09/2014;7181;Petit Roeulx;Belgium
fr;M;24/03/2009;1180;UCCLE;Belgium
fr;F;30/01/2013;1190;Bruxelles;Belgium
fr;F;11/01/2012;1180;Uccle;Belgium
fr;F;25/07/2021;1950;Kraainem;Belgium
fr;M;28/08/2013;1180;UCCLE;Belgium
fr;M;28/09/2015;1180;Uccle;Belgium
fr;F;19/05/1999;1190;Forest;Belgium
fr;F;29/04/2009;1547;Biévène;Belgium
fr;F;21/02/2018;1180;Bruxelles;Belgium
fr;F;25/09/2020;1180;Uccle;Belgium
fr;M;23/02/2020;1050;Bruxelles;Belgium
fr;M;19/05/2006;1060;Saint Gilles;Belgium
fr;F;28/07/2012;1190;Bruxelles;Belgium
fr;F;09/09/2019;1190;Forest;Belgium
fr;M;31/01/2022;1190;Forest;Belgium
fr;M;12/11/2015;1640;RHODE-ST-GENESE;Belgium
fr;M;07/02/2013;1640;RHODE-ST-GENESE;Belgium
fr;M;07/03/2009;1730;Asse;Belgium
fr;M;24/11/2014;1190;FOREST;Belgium
fr;F;06/07/2013;1601;Sint pieters leeuw;Belgium
fr;M;23/09/2011;1620;Drogenbos;Belgium
fr;F;19/03/2019;1630;Linkebeek;Belgium
fr;M;15/08/2013;1440;Braine-le-Château;Belgium
fr;F;19/03/2019;1630;Linkebeek;Belgium
fr;M;27/05/1980;1652;Alsemberg;Belgium
fr;M;16/04/1993;1470;Genappe;Belgium
fr;F;12/03/2009;7100;La Louvière;Belgium
fr;F;09/05/2010;1180;UCCLE;Belgium
fr;F;10/02/2020;1180;Bruxelles;Belgium
fr;M;22/03/2012;1180;UCCLE;Belgium
fr;M;03/06/2002;1410;Waterloo;Belgium
fr;M;17/01/2024;1160;Auderghem;Belgium
fr;F;05/12/2011;1190;Forest;Belgium
fr;M;22/09/1981;1410;Waterloo;Belgium
fr;F;18/02/2008;1620;DROGENBOS;Belgium
fr;M;08/02/1979;1620;DROGENBOS;Belgium
fr;M;23/04/1996;1160;Auderghem;Belgium
fr;F;01/08/2015;1180;Uccle;Belgium
fr;F;11/07/2020;1180;Uccle;Belgium
fr;M;29/01/1996;1180;Uccle;Belgium
fr;M;01/10/2008;1180;bruxelles;Belgium
fr;M;12/03/1978;1180;bruxelles;Belgium
fr;M;17/11/2021;1190;Forest;Belgium
fr;F;18/08/2018;1190;Forest;Belgium
fr;M;30/09/2015;1190;Forest;Belgium
fr;M;16/11/1992;1180;Bruxelles;Belgium
fr;M;23/02/1977;1200;Woluwé saint Lambert;Belgium
fr;F;09/09/2021;1190;Forest;Belgium
fr;M;12/10/1981;1380;Lasne;Belgium
fr;M;12/08/1955;1180 ;BRUXELLES 18;Belgium
fr;F;11/09/1980;1651;Lot;Belgium
fr;M;25/05/1978;1180;Uccle;Belgium
fr;M;12/07/2011;1420;Braine-l?Alleud;Belgium
fr;M;22/11/2014;1180;Uccle;Belgium
fr;F;22/11/2014;1180;Uccle;Belgium
fr;F;02/11/2012;1190;Bruxelles;Belgium
fr;F;01/11/2012;1190;Bruxelles;Belgium
fr;F;07/04/2015;1190;Bruxelles;Belgium
fr;M;16/05/2005;1190;Bruxelles (Forest);Belgium
fr;F;25/02/1982;1180;uccle;Belgium
fr;M;12/09/2001;1180;Uccle;Belgium
fr;M;14/10/1996;1060;Bruxelles;Belgium
fr;M;08/02/2019;1180;BRUXELLES;Belgium
fr;M;19/05/1983;1700;Dilbeek;Belgium
fr;F;04/12/1977;1180;Bruxelles;Belgium
fr;F;27/07/2018;1082;Bruxelles;Belgium
fr;M;26/05/2015;1082;Bruxelles;Belgium
fr;M;23/07/1979;1650;Beersel;Belgium
fr;M;27/03/2017;1650;Beersel;Belgium
fr;F;25/01/2013;1650;Beersel;Belgium
fr;M;13/08/2010;1190;forest;Belgium
fr;F;27/01/2007;1190;forest;Belgium
fr;M;22/10/1966;1190;forest;Belgium
fr;F;13/12/1992;1200;Bruxelles;Belgium
fr;F;20/02/2015;1630;Linkebeek;Belgium
fr;F;26/02/2018;1630;Linkebeek;Belgium
fr;M;13/04/2013;1630;Linkebeek;Belgium
fr;M;02/06/1988;1180;Bruxelles;Belgium
fr;F;10/07/1985;1640;Rhode-Saint-Genèse;Belgium
fr;F;10/08/1979;1180;Uccle;Belgium
fr;M;13/01/1991;1190;Bruxelles;Belgium
fr;M;12/12/2014;1180;Uccle;Belgium
fr;F;14/06/2010;1180;Uccle;Belgium
fr;M;20/10/1975;1180;Uccle;Belgium
fr;F;13/12/2017;1170;Bruxelles;Belgium
fr;M;17/10/2015;1170;Bruxelles;Belgium
fr;F;09/06/2016;1180;Uccle;Belgium
fr;M;13/02/2014;1180;Uccle;Belgium
fr;M;17/06/2021;1700;Dilbeek;Belgium
fr;M;11/11/2016;1600;Sint-Pieters-Leeuw;Belgium
fr;M;06/05/2021;1190;Forest;Belgium
fr;M;12/08/2010;1060;Bruxelles;Belgium
fr;M;06/09/1974;1700;Dilbeek;Belgium
fr;M;01/04/1973;1190;FOREST;Belgium
fr;M;06/07/2005;1050;Bruxelles;Belgium
fr;F;17/04/1993;1190;Forest;Belgium
fr;F;23/11/2007;1070;ANDERLECHT;Belgium
fr;M;28/02/2017;1190;FOREST;Belgium
fr;M;20/08/2013;1190;Brussels;Belgium
fr;M;15/05/1966;1180;Bruxelles;Belgium
fr;F;03/05/2019;1180;Uccle/Ukkel;Belgium
fr;M;17/06/2019;1620;Drogenbos;Belgium
fr;F;25/12/2010;1650;Beersel;Belgium
fr;F;13/02/2019;1650;Beersel;Belgium
fr;F;24/05/2013;1650;Beersel;Belgium
fr;F;24/05/2008;1190;forest;Belgium
fr;M;14/06/2012;1180;uccle;Belgium
fr;M;10/05/2015;1180;1180;Belgium
fr;M;01/09/2014;1180;Uccle;Belgium
fr;M;08/06/1978;1180;Uccle;Belgium
fr;M;07/03/1995;1180;Uccle;Belgium
fr;F;20/09/2018;1180;Uccle;Belgium
fr;M;24/08/2021;1180;Uccle;Belgium
fr;M;16/07/2004;1180;Bruxelles;Belgium
fr;M;16/01/1975;1180;Bruxelles;Belgium
fr;F;16/09/2009;1180;Bruxelles;Belgium
fr;F;03/02/1976;1410;Waterloo;Belgium
fr;F;10/07/2014;7500;Tournai;Belgium
fr;M;18/03/2020;1190;Forest;Belgium
fr;M;08/02/2017;1190;FOREST;Belgium
fr;F;02/12/1975;1180;Bruxelles;Belgium
fr;M;15/08/2014;1650;Beersel;Belgium
fr;M;30/01/1971;1650;BEERSEL;Belgium
fr;F;18/04/2006;1180;Uccle;Belgium
fr;M;03/05/1965;1180;Brussels;Belgium
fr;F;06/08/1982;1180;Uccle;Belgium
fr;F;07/11/2020;1640;Rhode-Saint-Genese;Belgium
fr;M;26/04/1977;1410;Waterloo;Belgium
fr;M;22/06/1980;1180;Bruxelles;Belgium
fr;M;22/04/2015;1652;Alsemberg;Belgium
fr;M;25/09/2018;1652;Alsemberg;Belgium
fr;M;14/04/1987;1440;WAUTHIER-BRAINE;Belgium
fr;F;16/04/1973;1440;Braine le Château;Belgium
fr;M;24/11/2011;1652;Alsemberg;Belgium
fr;M;31/01/2014;1650;Beersel;Belgium
fr;M;31/03/2000;1440;Braine le Château;Belgium
fr;M;24/04/1978;1315;Incourt;Belgium
fr;F;07/06/2012;1651;Lot;Belgium
fr;F;07/01/1984;1460;Ittre;Belgium
fr;M;02/03/2002;1190;Bruxelles;Belgium
fr;M;20/10/2018;1180;Uccle;Belgium
fr;F;18/10/2011;1180;Uccle;Belgium
fr;M;14/12/2020;1180;Bruxelles Uccle;Belgium
fr;F;14/10/2011;1180;Bruxelles;Belgium
fr;F;28/07/2004;1630;Linkebeek;Belgium
fr;M;28/05/2015;1180;Uccle;Belgium
fr;M;30/04/1984;1600;SINT PIETERS LEEUW;Belgium
fr;F;14/02/2020;1180;Uccle;Belgium
fr;M;16/10/1974;1790;Essene;Belgium
fr;F;22/04/2012;1650;Beersel;Belgium
fr;M;27/01/2004;1180;Uccle;Belgium
fr;M;17/10/1997;1602;Vlezenbeek;Belgium
fr;M;22/04/1977;1702;Grand-Bigard;Belgium
fr;M;06/04/2018;1630;Linkebeek;Belgium
fr;F;24/03/1989;1050;Ixelles;Belgium
fr;M;22/05/2012;1180;Uccle;Belgium
fr;F;11/07/1994;1050;Ixelles;Belgium
fr;F;11/03/1998;1620;Drogenbos;Belgium
fr;M;20/05/2017;1180;Uccle;Belgium
fr;M;29/09/2019;1180;Uccle;Belgium
fr;M;02/06/1989;1190;Forest;Belgium
fr;F;09/09/2021;1190;Forest;Belgium
fr;F;10/03/1985;1180;Uccle;Belgium
fr;M;23/09/1992;1050;ixelles;Belgium
fr;M;12/06/2017;1180;Uccle;Belgium
fr;F;20/06/2019;1180;Bruxelles;Belgium
fr;M;23/07/2017;1180;UCCLE;Belgium
fr;M;16/06/2020;1600;Sint-Pieters-Leeuw;Belgium
fr;M;14/05/2002;1190;Bruxelles;Belgium
fr;M;15/08/2014;1650;Beersel;Belgium
fr;F;17/11/2016;1650;Beersel;Belgium
fr;M;12/02/1982;1180;Bruxelles;Belgium
fr;M;08/01/2015;1180;Bruxelles;Belgium
fr;F;03/04/2013;1180;Bruxelles;Belgium
fr;F;23/02/1984;1060;saint gilles;Belgium
fr;F;19/01/1980;1190;Bruxelles;Belgium
fr;F;18/01/1979;1700;Dilbeek;Belgium
fr;F;06/12/1978;1170;Bruxelles;Belgium
fr;M;03/02/2016;1050;Brussels;Belgium
fr;M;03/03/2016;1601;RUISBROEK;Belgium
fr;M;24/09/2013;1180;Uccle;Belgium
fr;M;22/09/2019;1180;Uccle;Belgium
fr;M;21/08/1987;1640;Rhode-Saint-Genèse;Belgium
fr;F;25/05/1973;1190;Forest;Belgium
fr;F;27/10/2016;1180;uccle;Belgium
fr;F;18/06/2019;1180;Uccle;Belgium
fr;M;24/06/2013;1170;Bruxelles;Belgium
fr;M;19/04/2021;1180;Uccle;Belgium
fr;F;13/01/2010;1180;Bruxelles;Belgium
fr;F;15/07/2003;1180;Bruxelles;Belgium
fr;F;02/04/1983;1651;LOT;Belgium
fr;M;24/03/2017;1190;Forest;Belgium
fr;M;07/11/2020;1650;Beersel;Belgium
fr;M;10/10/2003;1190;Forest;Belgium
fr;M;31/05/1988;1180;Uccle;Belgium
fr;M;10/02/2018;;;Belgium
fr;M;09/07/2011;1180;Bruxelles;Belgium
fr;M;04/04/1970;1440;Braine le château;Belgium
fr;M;21/09/1972;1050;Bruxelles;Belgium
fr;M;09/05/2003;1050;Ixelles;Belgium
fr;F;19/10/2016;1650;Beersel;Belgium
fr;F;29/04/2021;1650;Beersel;Belgium
fr;M;25/10/2018;1650;Beersel;Belgium
fr;F;25/10/1984;1410;Waterloo;Belgium
fr;M;11/06/1994;1030;Schaerbeek;Belgium
fr;F;17/05/2011;1600;Leeuw Saint Pierre;Belgium
fr;M;29/11/2016;1600;Sint Pieters Leeuw;Belgium
fr;M;23/04/2010;1190;Forest;Belgium
fr;F;06/01/2014;1190;Forest;Belgium
fr;F;23/01/1983;1000;Bruxelles;Belgium
fr;M;12/09/2009;1600;Sint-Pieters-leeuw;Belgium
fr;M;09/04/2015;1600;Sint-Pieters-leeuw;Belgium
fr;M;01/08/1984;1410;Waterloo;Belgium
fr;M;29/03/2007;1650;Beersel;Belgium
fr;M;04/05/2011;1650;Beersel;Belgium
fr;M;30/03/2015;1703;Dilbeek;Belgium
fr;F;06/04/2017;1703;Dilbeek;Belgium
fr;F;06/04/2017;1703;Dilbeek;Belgium
fr;F;19/07/2013;1703;Dilbeek;Belgium
fr;M;15/10/1966;1630;Linkebeek;Belgium
fr;M;03/01/2003;1421;Ophain;Belgium
fr;F;29/11/1978;1410;Waterloo;Belgium
fr;F;19/09/1996;1000;Bruxelles;Belgium
fr;M;30/10/1985;1180;Bruxelles;Belgium
fr;M;31/03/1980;1600;Sint-Pieters-leeuw;Belgium
fr;M;03/10/2014;1600;Sint-Pieters-leeuw;Belgium
fr;M;03/06/2000;1410;Waterloo;Belgium
fr;M;09/10/2020;1650;Beersel;Belgium
fr;M;05/01/2018;1180;UCCLE;Belgium
fr;F;27/09/1978;1650;Beersel;Belgium
fr;M;30/11/1960;1180;Bruxelles;Belgium
fr;M;29/07/1954;1410;Waterloo;Belgium
fr;M;12/06/1972;1070;Bruxelles;Belgium
fr;F;22/04/2011;1180;Uccle;Belgium
fr;M;22/05/1974;1420;Braine L’Alleud;Belgium
fr;F;18/02/1996;1190;FOREST;Belgium
fr;M;21/03/2007;1420;Braine L’Alleud;Belgium
fr;M;15/11/2004;1420;Braine L’Alleud;Belgium
fr;M;05/10/2015;1190;Bruxelles;Belgium
fr;F;29/03/2008;1421;Ophain;Belgium
fr;F;06/11/2011;1410;Waterloo;Belgium
fr;F;19/06/1993;1180;Bruxelles;Belgium
fr;F;04/04/2015;1180;Uccle;Belgium
fr;F;17/05/1991;1000;Bruxelles;Belgium
fr;M;23/05/2011;1780;Wemmel;Belgium
fr;M;12/04/2007;1780;Wemmel;Belgium
fr;M;11/02/2009;1780;Wemmel;Belgium
fr;M;30/03/1976;1780;Wemmel;Belgium
fr;F;18/09/2012;1400;Nivelles;Belgium
fr;M;13/06/2020;1630;Linkebeek;Belgium
fr;F;29/10/2010;1180;Uccle;Belgium
fr;F;17/08/2012;1180;Uccle;Belgium
fr;M;25/09/1978;1180;Uccle;Belgium
fr;F;25/05/2002;1190;Bruxelles;Belgium
fr;M;12/12/1972;1060;Bruxelles;Belgium
fr;M;30/11/2015;1180;UCCLE;Belgium
fr;F;18/10/2019;1700;Dilbeek;Belgium
fr;M;08/09/2011;1850;Grimbergen;Belgium
fr;M;27/03/2009;1850;Grimbergen;Belgium
fr;F;30/04/1987;1640;Rhode-Saint-Genèse;Belgium
fr;M;14/06/2011;1180;Uccle;Belgium
fr;F;17/04/2016;1090;Jette;Belgium
fr;M;01/05/1989;1180;Uccle;Belgium
fr;M;23/04/2001;1650;Beersel;Belgium
fr;M;26/02/2011;1180;Uccle;Belgium
fr;M;10/09/2014;1180;Uccle;Belgium
fr;M;11/12/2003;1180;Bruxelles;Belgium
fr;M;06/05/1975;1180;Bruxelles;Belgium
fr;M;03/05/2004;1180;Bruxelles;Belgium
fr;M;07/01/2009;1180;Bruxelles;Belgium
fr;F;18/10/1980;1180;Uccle;Belgium
fr;F;14/03/2013;7850;Enghien;Belgium
fr;F;05/12/2019;1190;Bruxelles;Belgium
fr;M;17/06/2016;1190;Bruxelles;Belgium
fr;M;07/02/2012;1080;Brussel (Sint-Jans-Molenbeek;Belgium
fr;F;26/06/2019;1000;Bruxelles;Belgium
fr;F;01/08/2016;1000;Bruxelles;Belgium
fr;M;08/08/1994;1601;Ruisbroek;Belgium
fr;M;28/03/2017;1630;Linkebeek;Belgium
fr;M;04/03/2012;1630;Linkebeek;Belgium
fr;F;19/01/2015;1630;Linkebeek;Belgium
fr;F;03/04/2002;1180;Bruxelles;Belgium
fr;F;03/05/1979;1180;Bruxelles;Belgium
fr;F;01/03/2011;1180;uccle;Belgium
fr;M;15/02/1998;1700;Dilbeek;Belgium
fr;F;24/09/1989;1180;Brussels;Belgium
fr;M;01/07/1989;1410;Waterloo;Belgium
fr;M;22/12/2016;1190;Forest;Belgium
fr;M;18/10/1984;1000;Bruxelles;Belgium
fr;F;22/12/2016;1190;Bruxelles;Belgium
fr;F;24/05/2008;1180;Uccle;Belgium
fr;F;30/07/2008;1190;Bruxelles;Belgium
fr;F;12/02/2013;1180;Bruxelles;Belgium
fr;F;19/12/2014;1180;Uccle;Belgium
fr;F;19/12/2014;1180;Uccle;Belgium
fr;M;18/11/1988;7090;Braine-le-Comte;Belgium
fr;F;10/01/2008;1180;BRUXELLES;Belgium
fr;F;03/08/2006;1082;Bruxelles;Belgium
fr;M;08/10/2013;7850;Enghien;Belgium
fr;F;19/12/2015;7850;Enghien;Belgium
fr;F;06/04/1989;1170;Watermael-Boitsfort;Belgium
fr;M;20/12/2013;1180;Uccle;Belgium
fr;M;17/01/1991;1180;Uccle;Belgium
fr;F;21/03/1944;1050 ;BRUXELLES 5 ;Belgium
fr;M;08/12/1979;1460;Ittre;Belgium
fr;F;25/11/2016;1460;Ittre;Belgium
fr;M;22/11/2012;1460;Ittre;Belgium
fr;M;24/04/1980;1180;Uccle;Belgium
fr;F;16/11/1971;1180;Bruxelles;Belgium
fr;M;28/05/2012;1180;Uccle;Belgium
fr;M;24/06/1983;1930;Zaventem;Belgium
fr;M;02/08/1971;1190;Forest;Belgium
fr;M;08/08/2003;1180;Uccle;Belgium
fr;F;19/02/2010;1180;Uccle;Belgium
fr;M;04/07/2014;1410;Waterloo;Belgium
fr;M;13/10/2011;1410;Waterloo;Belgium
fr;M;01/12/1984;1190;Forest;Belgium
fr;M;22/04/2012;1630;Linkebeek;Belgium
fr;M;10/11/1980;1180;Bruxelles;Belgium
fr;M;03/06/2013;1180;Bruxelles;Belgium
fr;F;27/08/1992;1932;Zaventem;Belgium
fr;F;05/03/2013;1190;Forest;Belgium
fr;F;12/06/1994;1410;Waterloo;Belgium
fr;M;16/05/2012;1761;BORCHTLOMBEEK;Belgium
fr;F;16/01/2007;1700;Dilbeek;Belgium
fr;F;04/08/2012;1700;Dilbeek;Belgium
fr;F;02/06/1996;1653;Dworp;Belgium
fr;M;12/10/1969;1860;meise;Belgium
fr;M;18/04/2013;1650;Beersel;Belgium
fr;M;15/12/1974;1650;Beersel;Belgium
fr;M;17/01/2010;1650;Beersel;Belgium
fr;M;14/01/2017;1190;Forest;Belgium
fr;M;06/12/2021;1190;Bruxelles;Belgium
fr;F;15/04/2019;1030;Forest;Belgium
fr;M;11/06/2012;1600;Sint-Pieters-Leeuw;Belgium
fr;F;14/05/2000;1070;Bruxelles;Belgium
fr;F;05/08/2015;1180;Bruxelles;Belgium
fr;M;23/04/2021;1180;Uccle;Belgium
fr;F;29/04/1996;1180;Uccle;Belgium
fr;M;02/11/1998;1190;Forest;Belgium
fr;M;03/04/1968;1180;Uccle;Belgium
fr;M;17/04/2012;1620;Drogenbos;Belgium
fr;F;10/10/2018;1180;Bruxelles;Belgium
fr;M;04/12/1983;1180;UCCLE;Belgium
fr;F;29/08/1978;1030;Bruxelles;Belgium
fr;M;14/08/2010;1420;Braine l’Alleud;Belgium
fr;M;02/04/1980;1390;Nethen;Belgium
fr;F;08/01/2019;1180;Uccle;Belgium
fr;F;10/02/2019;1650;Beersel;Belgium
fr;M;14/10/2014;1731;Zellik;Belgium
fr;F;20/12/1987;1090;Jette;Belgium
fr;M;20/06/2019;1180;Uccle;Belgium
fr;F;22/11/1996;1050;Bruxelles;Belgium
fr;M;24/07/2012;1180;Uccle;Belgium
fr;M;22/01/1976;1180;Uccle;Belgium
fr;F;19/03/2015;1180;Uccle;Belgium
fr;F;31/12/1987;1170;WATERMAEL-BOITSFORT;Belgium
fr;F;05/09/1989;1180;Uccle;Belgium
fr;M;12/12/1981;1180;UCCLE;Belgium
fr;M;25/03/2021;1050;Bruxelles;Belgium
fr;M;21/04/1984;1150;Woluwe Saint-Pierre;Belgium
fr;M;14/02/2017;1180;Uccle;Belgium
fr;M;14/04/2010;1180;Uccle;Belgium
fr;M;04/07/2013;1180;Uccle;Belgium
fr;M;22/02/2012;1410;WATERLOO;Belgium
fr;M;30/01/1978;1410;WATERLOO;Belgium
fr;F;16/08/1990;1180;Uccle;Belgium
fr;F;08/06/1989;1180;UCCLE;Belgium
fr;M;26/03/2008;7110;Houdeng-Goegnies;Belgium
fr;M;10/06/2009;1180;Uccle;Belgium
fr;F;14/11/1990;1380;Lasne;Belgium
fr;M;01/08/1993;1630;Linkebeek;Belgium
fr;F;29/04/2013;1180;Uccle;Belgium
fr;M;09/09/1980;1180;Uccle;Belgium
fr;M;08/10/1979;1180;Uccle;Belgium
fr;M;01/08/2018;1652;Alsemberg;Belgium
fr;F;18/02/2017;1180;Uccle;Belgium
fr;F;24/10/1998;1190;Bruxelles;Belgium
fr;M;05/09/1985;1652;Alsemberg;Belgium
fr;F;03/07/2013;1180;Bruxelles;Belgium
fr;F;03/04/2004;1300;Wavre;Belgium
fr;F;21/06/2020;1070;Bruxelles;Belgium
fr;M;29/04/2017;1190;Bruxelles;Belgium
fr;F;20/09/1993;1000;Bruxelles;Belgium
fr;M;16/04/2018;1180;Uccle;Belgium
fr;M;26/02/2021;1180;Uccle;Belgium
fr;M;19/02/2019;1180;Uccle;Belgium
fr;M;01/04/2021;1180;Uccle;Belgium
fr;F;15/02/2016;1600;SINT PIETERS LEEUWE;Belgium
fr;F;12/06/2015;1650;Beersel;Belgium
fr;M;08/12/2012;1650;Beersel;Belgium
fr;F;20/02/1987;1421;OPHAIN-BOIS-SEIGNEUR-ISAAC;Belgium
fr;F;26/02/2011;1620;Drogenbos;Belgium
fr;M;05/10/1988;1180;Bruxelles;Belgium
fr;M;18/09/2014;1652;Beersel;Belgium
fr;F;15/10/2010;1080;Bruxelles;Belgium
fr;F;15/03/1983;1180;Uccle;Belgium
fr;M;14/05/1997;1440;Braine-Le-Château;Belgium
fr;F;09/12/2017;1180;Uccle;Belgium
fr;F;10/10/2013;1180;Bruxelles;Belgium
fr;M;10/08/1975;1420;Braine L Alleud;Belgium
fr;M;28/09/2016;1180;uccle;Belgium
fr;M;18/09/2010;1180;uccle;Belgium
fr;F;05/09/2011;1650;Beersel;Belgium
fr;M;13/08/1972;1652;Alsemberg;Belgium
fr;M;06/05/1980;1180;Uccle;Belgium
fr;M;14/06/2015;1650;Beersel;Belgium
fr;M;14/01/2018;1650;Beersel;Belgium
fr;F;31/07/2014;1640;Rhode-Saint-Genèse;Belgium
fr;F;27/12/2008;1420;Braine-L'Alleud;Belgium
fr;M;22/06/1985;1560;Hoeilaart;Belgium
fr;M;20/04/1975;1180;Brussels;Belgium
fr;F;26/09/2011;1180;Bruxelles;Belgium
fr;F;10/02/2010;1460;Ittre;Belgium
fr;F;02/03/2014;1180;Uccle;Belgium
fr;F;03/04/2007;1630;Linkebeek;Belgium
fr;M;04/07/1971;1630;Linkebeek;Belgium
fr;M;06/04/2012;1630;Linkebeek;Belgium
fr;M;29/11/1993;1040;Etterbeek;Belgium
fr;M;25/12/1967;6040;Charleroi;Belgium
fr;M;20/02/2011;1190;Forest;Belgium
fr;F;11/01/1995;1190;Forest;Belgium
fr;F;29/07/2019;1639;Linkebeek;Belgium
fr;M;25/05/1979;1640;Rhode Saint Genese;Belgium
fr;M;12/07/2010;1602;Vlezenbeek;Belgium
fr;M;12/01/1978;1080;Bruxelles;Belgium
fr;F;01/02/2018;1190;Forest;Belgium
fr;M;10/11/2009;1650;BEERSEL;Belgium
fr;M;08/12/1973;1650;BEERSEL;Belgium
fr;M;19/01/2006;1650;Beersel;Belgium
fr;F;21/11/1988;1180;Uccle;Belgium
fr;F;18/05/2013;1180;Uccle;Belgium
fr;M;30/09/2010;1190;Bruxelles;Belgium
fr;M;03/09/1993;1160;Belgique;Belgium
fr;F;09/08/2010;1190;Bruxelles;Belgium
fr;F;15/02/2013;1180;Ukkel;Belgium
fr;M;13/04/1974;1933;Sterrebeek;Belgium
fr;F;05/02/2011;1500;Halle;Belgium
fr;M;14/05/2018;7950;Ladeuze;Belgium
fr;M;22/10/2013;7950;Ladeuze;Belgium
fr;M;12/10/1966;1060;Bruxelles;Belgium
fr;M;26/01/2002;1060;Saint Gilles;Belgium
fr;M;23/11/2009;1060;Saint Gilles;Belgium
fr;F;30/10/1980;1180;Bruxelles;Belgium
fr;M;30/06/1980;1180;Uccle;Belgium
fr;F;12/03/2016;1180;Uccle;Belgium
fr;M;06/01/2013;1180;Uccle;Belgium
fr;F;09/01/2013;1180;uccle;Belgium
fr;F;01/02/2019;1180;Uccle;Belgium
fr;F;08/02/1997;1310;La Hulpe;Belgium
fr;F;25/12/2019;1180;Uccle;Belgium
fr;M;27/12/2012;1190;Bruxelles;Belgium
fr;M;28/05/2009;1650;Beersel;Belgium
fr;M;29/06/2014;1180;Uccle;Belgium
fr;M;22/05/2015;1653;Dworp;Belgium
fr;M;05/05/2019;1180;Uccle;Belgium
fr;F;23/08/2010;1190;Bruxelles;Belgium
fr;M;15/09/2016;1190;Forest;Belgium
fr;M;24/10/2016;1180;Bruxelles;Belgium
fr;F;28/03/2019;1180;Bruxelles;Belgium
fr;M;29/10/1971;1180;Uccle;Belgium
fr;F;11/12/2011;1050;Bruxelles;Belgium
fr;M;24/02/2016;1630;Linkebeek;Belgium
fr;M;31/07/2019;1630;Linkebeek;Belgium
fr;M;10/06/1977;1190;Bruxelles;Belgium
fr;M;27/12/2018;1650;Beersel;Belgium
fr;M;20/02/1995;1180;Uccle;Belgium
fr;M;16/11/2012;1060;BRUXELLES;Belgium
fr;M;10/01/2007;1190;Forest;Belgium
fr;M;06/01/1970;1030;Schaerbeek;Belgium
fr;M;02/03/1975;1000;bruxelles;Belgium
fr;M;14/02/2004;1640;Rhode Saint Genèse;Belgium
fr;M;14/07/1990;1180;UCCLE;Belgium
fr;F;29/11/1989;1050;Ixelles;Belgium
fr;M;16/07/2002;1060;Bruxelles;Belgium
fr;M;05/05/2014;1180;uccle;Belgium
fr;M;17/01/1995;1180;Uccle;Belgium
fr;M;05/04/2013;1180;UCCLE;Belgium
fr;M;21/01/2011;1180;UCCLE;Belgium
fr;F;23/02/1975;1440;Wauthier-Braine;Belgium
fr;F;23/05/2008;1600;Sint pieters leeuw;Belgium
fr;M;19/06/2017;1180;Bruxelles;Belgium
fr;M;03/02/2008;1050;Bruxelles;Belgium
fr;M;20/05/1968;1180;Uccle;Belgium
fr;M;13/08/1990;1440;Braine-le-Château;Belgium
fr;F;10/10/1974;1180;Uccle;Belgium
fr;M;31/10/1977;Linkebeek;1630;Belgium
fr;F;18/07/2015;1180;Uccle;Belgium
fr;F;15/01/2021;1180;Uccle;Belgium
fr;F;16/07/2013;1180;Uccle;Belgium
fr;M;06/09/2014;1190;Forest;Belgium
fr;F;20/06/2013;1180;BRUXELLES;Belgium
fr;M;10/08/2019;1180;uccle;Belgium
fr;M;06/05/2017;1190;Forest;Belgium
fr;M;26/10/2014;1190;Forest;Belgium
fr;M;21/09/1970;1050;Ixelles;Belgium
fr;F;07/03/1977;3090;Overijse;Belgium
fr;M;10/10/1972;1180;Uccle;Belgium
fr;M;16/01/2015;1650;Beersel;Belgium
fr;F;03/11/2007;1180;Uccle;Belgium
fr;M;03/02/2014;1180;Uccle;Belgium
fr;M;16/08/2021;1650;Beersel;Belgium
fr;F;14/10/2011;1050;Bruxelles;Belgium
fr;M;20/12/1970;1180;bruxelles;Belgium
fr;F;25/06/2018;1190;Forest;Belgium
fr;M;31/07/2015;1190;Forest;Belgium
fr;M;03/08/2018;1180;Uccle;Belgium
fr;M;09/01/2013;1180;Bruxelles;Belgium
fr;M;29/12/1975;1180;Bruxelles;Belgium
fr;F;06/12/2010;1410;waterloo;Belgium
fr;F;16/04/1979;1030;Schaerbeek;Belgium
fr;M;01/05/2012;1180;Uccle;Belgium
fr;M;19/01/2017;1060;Saint-Gilles;Belgium
fr;M;15/05/2019;1060;Saint-Gilles;Belgium
fr;M;21/08/1969;1620;Drogenbos;Belgium
fr;M;21/07/2008;1620;Drogenbos;Belgium
fr;M;11/01/2010;1620;Drogenbos;Belgium
fr;F;26/07/2002;1410;Waterloo;Belgium
fr;M;21/03/1983;1160;Bruxelles;Belgium
fr;M;23/12/1973;1180;Uccle;Belgium
fr;M;08/09/2011;1190;BRUXELLES;Belgium
fr;M;02/04/2020;1190;Forest;Belgium
fr;F;09/07/2010;1630;Linkebeek;Belgium
fr;M;16/09/1994;1190;Forest;Belgium
fr;M;02/02/1987;1180;Uccle;Belgium
fr;F;23/11/2013;1180;Uccle;Belgium
fr;F;19/10/1987;3090;Overijse;Belgium
fr;M;18/12/1963;1050;Ixelles;Belgium
fr;M;02/01/2011;1190;Forest;Belgium
fr;M;28/02/1977;1332;Genval;Belgium
fr;F;07/03/2011;1190;Bruxelles;Belgium
fr;F;03/01/1990;1630;Linkebeek;Belgium
fr;M;29/07/2012;1060;saint gilles;Belgium
fr;F;18/05/2017;1060;saint gilles;Belgium
fr;M;15/10/2014;1060;saint gilles;Belgium
fr;M;30/08/2004;1180;Uccle;Belgium
fr;M;21/07/2014;1180;BRUXELLES UCCLE;Belgium
fr;M;06/09/2002;1180;Uccle;Belgium
fr;M;02/11/2013;1480;Saintes;Belgium
fr;M;13/07/1991;1190;Forest;Belgium
fr;M;29/07/1962;2812;Mechelen;Belgium
fr;M;16/10/2018;1703;Schepdaal;Belgium
fr;F;31/10/1975;1410;Waterloo;Belgium
fr;F;18/12/1992;1702;Groot bijgaarden;Belgium
fr;F;14/02/1986;1970;Wezembeek-oppem;Belgium
fr;M;03/12/2002;1180;Uccle;Belgium
fr;F;04/05/1977;1180;Uccle;Belgium
fr;M;28/12/2010;1190;Forest;Belgium
fr;F;14/10/2004;1190;Forest;Belgium
fr;M;25/08/2010;1190;FOREST;Belgium
fr;M;28/12/2010;1190;Forest;Belgium
fr;M;27/03/2005;1190;FOREST;Belgium
fr;M;27/04/2009;1180;Bruxelles;Belgium
fr;M;23/06/1987;1050;Bruxelles;Belgium
fr;M;21/09/1990;1180;uccle;Belgium
fr;F;27/01/1993;1190;Bruxelles;Belgium
fr;F;09/09/2016;1190;Forest;Belgium
fr;M;22/07/2021;1190;Forest;Belgium
fr;M;09/09/2002;1050;Ixelles;Belgium
fr;M;09/09/2002;1050;Ixelles;Belgium
fr;M;26/03/1986;1180;Bruxelles;Belgium
fr;F;30/12/2012;1060;Bruxelles;Belgium
fr;F;08/12/2010;1180;UKKEL;Belgium
fr;M;21/06/1959;1500;Halle;Belgium
fr;F;17/10/2012;1180;Bruxelles;Belgium
fr;M;09/05/2012;1652;Alsemberg;Belgium
fr;M;23/09/2016;1652;Alsemberg;Belgium
fr;M;01/12/1977;1652;Alsemberg;Belgium
fr;M;20/10/2009;1652;Beersel;Belgium
fr;F;26/07/1979;1150;Bruxelles;Belgium
fr;F;17/09/2012;6940;Dutbuy;Belgium
fr;M;04/12/2013;1180;UCCLE;Belgium
fr;M;09/02/1975;1650;Beersel;Belgium
fr;M;31/03/2011;1180;Uccle;Belgium
fr;M;02/08/2017;180;Uccle;Belgium
fr;M;31/03/2011;1180;Uccle;Belgium
fr;F;02/10/1997;1190/ Fore;Bruxelles;Belgium
fr;M;20/10/1979;1020;Bruxelles;Belgium
fr;M;21/12/2014;1410;WATERLOO;Belgium
fr;M;01/01/1975;1410;WATERLOO;Belgium
fr;M;30/09/1974;1640;RHODE-SAINT-GENÈSE;Belgium
fr;M;26/12/1977;1640;RHODE SAINT GENESE;Belgium
fr;M;10/03/2017;1650;Beersel;Belgium
fr;M;07/05/2015;1630;Linkebeek;Belgium
fr;F;04/08/2002;1180;Uccle;Belgium
fr;F;03/10/2014;1700;Dilbeek;Belgium
fr;F;30/04/1971;1190;Forest;Belgium
fr;F;09/06/1989;1630;Linkebeek;Belgium
fr;M;02/10/2018;1180;Uccle;Belgium
fr;M;14/07/1975;1180;Bruxelles;Belgium
fr;M;05/10/1959;1700;Dilbeek;Belgium
fr;M;19/12/2001;1600;sint-pieters-leeuw;Belgium
fr;M;19/12/2001;1600;sint-pieters-leeuw;Belgium
fr;F;02/05/1994;1050;Bruxelles;Belgium
fr;F;29/08/1984;1640;Rhode;Belgium
fr;F;16/03/1989;1700;Dilbeek;Belgium
fr;F;06/11/1998;1080;MOLENBEEK-SAINT-JEAN;Belgium
fr;M;01/03/2000;1170;Bruxelles;Belgium
fr;F;24/03/2015;1180;Uccle;Belgium
fr;M;02/02/2019;1180;Uccle;Belgium
fr;M;28/06/2012;1650;Beersel;Belgium
fr;F;08/12/2016;1180;Bruxelles;Belgium
fr;F;01/08/2013;1180;Bruxelles;Belgium
fr;M;21/04/2012;1780;Wemmel;Belgium
fr;M;08/12/2009;1780;Wemmel;Belgium
fr;M;20/10/1973;1180;Uccle;Belgium
fr;M;28/02/2018;1082;Bruxelles;Belgium
fr;M;22/12/2015;1082;Bruxelles;Belgium
fr;F;19/07/2008;1060;Saint-Gilles;Belgium
fr;F;20/08/2021;1190;Forest;Belgium
fr;M;04/01/2001;1070;Bruxelles;Belgium
fr;M;21/07/2001;1180;Bruxelles;Belgium
fr;M;06/06/2008;7100;La Louvière;Belgium
fr;M;23/07/1991;1428;LILLOIS-WITTERZEE;Belgium
fr;M;26/08/1971;1180;Uccle;Belgium
fr;M;09/12/2006;1180;Bruxelles;Belgium
fr;M;15/01/1973;1180;Bruxelles;Belgium
fr;M;21/05/2007;1180;Uccle;Belgium
fr;F;17/03/2015;1650;Beersel;Belgium
fr;F;16/07/2016;1650;Beersel;Belgium
fr;M;21/04/2018;1650;Beersel;Belgium
fr;M;28/07/1980;1650;Beersel;Belgium
fr;M;31/01/1971;1180;Bruxelles;Belgium
fr;M;31/01/2013;1180;Bruxelles;Belgium
fr;M;24/08/1982;1160;AUDERGHEM;Belgium
fr;M;16/01/1984;7000;Mons;Belgium
fr;F;25/11/2008;1190;Forest;Belgium
fr;M;03/09/1970;1080;Bruxelles;Belgium
fr;M;09/10/1980;1410;Waterloo;Belgium
fr;F;18/02/2010;1180;Uccle;Belgium
fr;F;16/09/2013;1180;UCCLE;Belgium
fr;F;23/11/2010;1180;UCCLE;Belgium
fr;F;20/05/2002;1180;Bruxelles;Belgium
fr;F;03/09/2006;1652;Beersel;Belgium
fr;M;16/07/2008;1652;Beersel;Belgium
fr;F;20/12/1984;1741;Wambeek;Belgium
fr;F;15/04/2005;1190;Bruxelles;Belgium
fr;F;15/04/2005;1190;Bruxelles;Belgium
fr;M;08/07/2008;1180;Uccle;Belgium
fr;M;19/07/1979;1050;Ixelles;Belgium
fr;F;19/11/2016;1180;Uccle;Belgium
fr;M;13/03/1984;1180;Uccle;Belgium
fr;F;23/10/2014;1180;Uccle;Belgium
fr;M;31/08/1982;1640;Rhode-Saint-Genèse;Belgium
fr;F;16/07/1987;1652;Alsemberg;Belgium
fr;M;03/01/1991;1180;Uccle;Belgium
fr;F;07/03/2017;1630;Linkebeek;Belgium
fr;M;31/12/2016;1700;Dilbeek;Belgium
fr;M;18/03/2013;1700;Dilbeek;Belgium
fr;M;21/03/1999;1070;Anderlecht;Belgium
fr;F;29/10/2016;1500;Halle;Belgium
fr;F;17/01/2015;1500;Halle;Belgium
fr;F;18/08/2019;1500;Halle;Belgium
fr;M;03/12/2011;1440;Braine-le-Château;Belgium
fr;F;17/02/1977;1650;Beersel;Belgium
fr;F;16/03/2011;1180;Uccle;Belgium
fr;F;06/12/2011;1190;Bruxelles;Belgium
fr;F;03/10/2008;1190;Bruxelles;Belgium
fr;M;27/11/1983;1180;Uccle;Belgium
fr;F;14/02/2018;1180;Uccle;Belgium
fr;M;10/07/2014;1180;Uccle;Belgium
fr;M;20/01/2017;1060;Bruxelles;Belgium
fr;F;21/10/2013;1060;Bruxelles;Belgium
fr;M;25/11/1980;1060;Bruxelles;Belgium
fr;F;22/01/2017;1180;Uccle;Belgium
fr;M;24/02/1975;1700;Dilbeek;Belgium
fr;F;13/02/1973;1040;Bruxelles;Belgium
fr;M;19/03/1970;1180;Bruxelles;Belgium
fr;F;28/09/1977;1652;Beersel;Belgium
fr;M;03/06/2010;1190;Forest;Belgium
fr;M;01/10/2012;1640;Rhode-Saint-Genèse;Belgium
fr;F;21/06/1981;1310;La Hulpe;Belgium
fr;M;11/05/1973;1410;Waterloo;Belgium
fr;M;13/01/2017;1190;forest;Belgium
fr;M;22/11/1976;1060;Saint-Gilles;Belgium
fr;F;06/10/2011;1060;Saint-Gilles;Belgium
fr;M;02/06/2009;1060;Saint-Gilles;Belgium
fr;F;13/05/1999;1701;Itterbeek;Belgium
fr;M;30/01/1979;1410;Waterloo;Belgium
fr;M;02/07/1973;1640;RHODE-SAINT-GENÈSE;Belgium
fr;F;25/06/2016;1050;Ixelles;Belgium
fr;M;10/09/2019;1650;Beersel;Belgium
fr;M;01/08/1998;1745;Mazenzele;Belgium
fr;F;21/03/2012;1180;Uccle;Belgium
fr;M;22/01/2012;1600;Sint-Pieters-Leeuw;Belgium
fr;F;27/09/1989;1650;Beersel;Belgium
fr;M;25/06/1982;1650;BEERSEL;Belgium
fr;F;30/05/2011;1190;Bruxelles;Belgium
fr;F;16/10/1977;1860;Meise;Belgium
fr;M;24/05/2006;1190;Bruxelles;Belgium
fr;M;01/07/2015;1640;Rhode Saint Genèse;Belgium
fr;M;25/04/2018;1640;Rhode Saint Genèse;Belgium
fr;F;12/06/2010;1180;UCCLE;Belgium
fr;M;22/09/1989;1630;Linkebeek;Belgium
fr;F;28/09/1977;1180;Uccle;Belgium
fr;F;23/09/2015;1651;Lot;Belgium
fr;M;25/01/2012;1651;LOT;Belgium
fr;M;08/04/2009;1651;LOT;Belgium
fr;M;01/05/2012;1190;Forest;Belgium
fr;M;26/05/2010;1180;uccle;Belgium
fr;M;01/07/2010;1190;Forest;Belgium
fr;F;20/03/2017;1190;Forest;Belgium
fr;F;16/11/2019;1190;Vorst;Belgium
fr;F;12/10/1972;1190;Bruxelles;Belgium
fr;M;03/04/1984;1420;BRAINE-L'ALLEUD;Belgium
fr;F;10/08/2009;1650;Beersel;Belgium
fr;F;24/02/1974;1440;Braine-le-Chateau;Belgium
fr;M;24/09/2008;7070;MIGNAULT;Belgium
fr;F;01/10/1995;1180;UCCLE;Belgium
fr;F;14/10/1995;1410;Waterloo;Belgium
fr;M;03/10/2012;1190;Forest;Belgium
fr;F;16/04/2013;1190;Brussels;Belgium
fr;F;29/04/1983;1640;Rhode-Saint-Genèse;Belgium
fr;F;20/10/2007;1180;Uccle;Belgium
fr;M;10/10/1975;1630;Linkebeek;Belgium
fr;F;16/11/1971;1180;Bruxelles;Belgium
fr;F;08/11/1975;1080;Bruxelles;Belgium
fr;M;05/11/1976;1650;Beersel;Belgium
fr;M;12/08/2016;1180;BRUSSELS;Belgium
fr;F;01/05/1989;1050;Bruxelles;Belgium
fr;M;29/08/1983;1180;Uccle;Belgium
fr;F;25/10/2013;1190;Forest;Belgium
fr;M;17/05/2017;1180;Uccle;Belgium
fr;F;22/07/1975;1540;Pajottegem (Herne);Belgium
fr;M;08/09/2014;7100;Trivières;Belgium
fr;M;26/04/1959;1180;Brussel;Belgium
fr;M;06/05/2002;1180;Uccle;Belgium
fr;F;01/04/1975;1730;Asse;Belgium
fr;F;14/10/2019;1190;Bruxelles;Belgium
fr;M;18/02/2003;1180;uccle;Belgium
fr;M;01/10/1997;1620;DROGENBOS;Belgium
fr;M;27/12/1981;1040;Bruxelles;Belgium
fr;M;04/03/1993;1703;Schepdaal;Belgium
fr;M;28/09/1973;1190;Bruxelles (Forest);Belgium
fr;M;01/12/2012;1190;Bruxelles (Forest);Belgium
fr;F;02/07/1996;1180;Bruxelles;Belgium
fr;M;26/01/1990;1160;Auderghem;Belgium
fr;F;29/10/1996;1180;Uccle;Belgium
fr;F;31/08/2014;1180;Uccle (Bruxelles);Belgium
fr;M;30/04/2016;1602;Vlezenbeek;Belgium
fr;F;09/01/2008;1654;Huizingen;Belgium
fr;M;02/02/1996;1180;UCCLE;Belgium
fr;M;01/12/1970;1050;ixelles;Belgium
fr;M;22/03/2021;1060;Saint Gilles;Belgium
fr;F;28/01/2008;1050;Ixelles;Belgium
fr;F;09/05/2013;1180;Uccle;Belgium
fr;M;09/06/2015;1190;Bruxelles;Belgium
fr;F;20/09/2017;1190;Forest;Belgium
fr;M;06/10/1985;1190;forest;Belgium
fr;M;07/04/2015;1653;Dworp;Belgium
fr;F;03/08/2014;1480;OISQUERCQ;Belgium
fr;F;17/07/2011;1180;uccle;Belgium
fr;F;19/10/2014;1180;Brussels;Belgium
fr;F;01/06/1983;1180;UCCLE;Belgium
fr;M;10/10/1990;1050;Bruxelles;Belgium
fr;M;16/06/1984;1650;Beersel;Belgium
fr;F;17/11/1985;1640;Rhode-Saint-Genèse;Belgium
fr;M;29/08/1986;1653;Dworp;Belgium
fr;F;11/12/1991;1180;Uccle;Belgium
fr;F;15/06/1989;1410;Waterloo;Belgium
fr;M;01/04/2014;1180;Uccle;Belgium
fr;F;31/01/2012;1500;Halle;Belgium
fr;M;08/03/1958;1060;saint Gilles;Belgium
fr;F;29/10/2019;1652;ruisbroek;Belgium
fr;M;16/02/1973;1380;Ohain (Belgique);Belgium
fr;F;02/02/2004;1600;Sint-Pieters-leeuw;Belgium
fr;F;03/10/1979;1190;Forest;Belgium
fr;F;23/02/2021;1620;Drogenbos;Belgium
fr;F;03/08/2020;1190;Forest;Belgium
fr;F;12/01/2015;1640;Rhode Saint Genèse;Belgium
fr;M;02/12/1978;1640;Rhode Saint Genèse;Belgium
fr;F;21/03/2012;1640;Rhode-saint-Genèse;Belgium
fr;M;27/12/2018;1180;Uccle;Belgium
fr;M;23/06/1973;1620;Drogenbos;Belgium
